kind	table	old	new
T		MST_BARCODE_FMT	BarcodeFormats
T		MST_CALC_CONFIG	MaxMinPartConfigs
T		MST_CALC_FORMULA	MaxMinFormulas
T		MST_CALC_STOCK	MaxMinStockSettings
T		MST_CUST_WORKDAY	CustomerWorkdays
T		MST_PART	Parts
T		MST_PART_STOCK	PartStocks
T		MST_PERM	Permissions
T		MST_PR_LOOKUP	PRLookups
T		MST_STOCK	Stocks
T		MST_STOCK_DEL_LOG	StockDeleteLogs
T		MST_STOCK_FMT	StockBarcodeFormats
T		MST_USER	Users
T		PackingPrintLog	PickListPrintLogs
T		SYS_LOGS	SystemLogs
T		TRN_IMPORT_STAGE	ForecastOrderImports
T		TRN_PR_D	PRDetails
T		TRN_PR_H	PRHeaders
T		TRN_SCAN	ScanTransactions
T		TRN_SCAN_ADJ	ScanAdjustments
T		TRN_STOCK_IMPORT	StockImports
T		TRN_TRANSFER	StockTransfers
V		VW_StockMonitoring	vw_StockMonitoring
V		VW_StoreMonitoring	vw_StoreMonitoring
V		VW_StockSummary	vw_StockSummary
V		VW_Dashboard_BarChart	vw_DashboardBarChart
V		VW_Dashboard_PieChart	vw_DashboardPieChart
V		v_PartQRReady	vw_PartQRReady
V		v_PRReady	vw_PRReady
P		sp_GetPartByScan	sp_GetPartByScan
P		sp_GetPartForQR	sp_GetPartForQR
P		sp_GetPRList	sp_GetPRList
P		sp_MaxMin_Calculate	sp_MaxMin_Calculate
P		sp_PR_SaveLookup	sp_PR_SaveLookup
P		sp_Stock_AddQty	sp_Stock_AddQty
P		sp_Stock_Delete	sp_Stock_Delete
P		sp_Stock_GrantViewAll	sp_Stock_GrantViewAll
P		sp_Stock_Transfer	sp_Stock_Transfer
F		fn_MaxMin_Round	fn_MaxMin_Round
C	*	PT_ID	PartID
C	*	STK_ID	StockID
C	*	USR_ID	UserID
C	*	FMT_ID	FormatID
C	*	TX_ID	TransactionID
C	*	CUST_CODE	CustomerCode
C	*	PT_ACODE	PartACode
C	*	PT_CODE	PartCode
C	*	PT_DESC	Description
C	*	PT_SUPPLIER	Supplier
C	*	PT_CAT	Category
C	*	PT_BIN	Bin
C	*	PT_PSZ	PackSize
C	*	QTY_MAX	MaxQuantity
C	*	QTY_MIN	MinQuantity
C	*	QTY_STKB	StockQuantity
C	*	PT_REMARK	Remark
C	*	LIT_STAT	Status
C	*	PT_QR	QRCode
C	*	IS_ACTIVE	IsActive
C	*	IS_SHOW_MST	IsShowInMaster
C	*	PT_IMG	ImageFileName
C	*	PT_CUST	Customer
C	*	PT_PARTA	PartA
C	*	PT_PARTNO	PartNumber
C	*	PT_MODEL	Model
C	*	CREATED_BY	CreatedBy
C	*	CREATED_DATE	CreatedDate
C	*	CREATED_AT	CreatedAt
C	*	UPDATED_BY	UpdatedBy
C	*	UPDATED_DATE	UpdatedDate
C	*	UPDATE_BY	UpdatedBy
C	*	UPDATE_DATE	UpdatedDate
C	MST_BARCODE_FMT	FMT_NAME	FormatName
C	MST_BARCODE_FMT	CODE_POS	CodePosition
C	MST_BARCODE_FMT	ALT_CODE_POS	AltCodePosition
C	MST_BARCODE_FMT	QTY_POS	QuantityPosition
C	MST_BARCODE_FMT	MIN_FIELDS	MinFields
C	MST_BARCODE_FMT	SAMPLE_TEXT	SampleText
C	MST_BARCODE_FMT	SOURCE_STK_ID	SourceStockID
C	MST_BARCODE_FMT	DELIM_MODE	DelimiterMode
C	MST_BARCODE_FMT	TRIM_CHARS	TrimChars
C	MST_BARCODE_FMT	CODE_PREFIX	CodePrefix
C	MST_BARCODE_FMT	CODE_CUT	CodeCut
C	MST_BARCODE_FMT	MATCH_START	MatchStart
C	MST_BARCODE_FMT	MATCH_END	MatchEnd
G	MST_BARCODE_FMT	DELIMITER	Delimiter
C	MST_CALC_CONFIG	CONFIG_ID	ConfigID
C	MST_CALC_CONFIG	DAY_MIN	MinDays
C	MST_CALC_CONFIG	DAY_MAX	MaxDays
C	MST_CALC_FORMULA	FORMULA_ID	FormulaID
C	MST_CALC_FORMULA	FORMULA_NAME	FormulaName
C	MST_CALC_FORMULA	QTY_SOURCE	QuantitySource
C	MST_CALC_FORMULA	ROUND_MODE	RoundMode
C	MST_CALC_FORMULA	DEF_DAY_MAX	DefaultMaxDays
C	MST_CALC_FORMULA	DEF_DAY_MIN	DefaultMinDays
C	MST_CALC_FORMULA	DEF_WORKDAYS	DefaultWorkdays
C	MST_CALC_FORMULA	IS_DEFAULT	IsDefault
C	MST_CALC_STOCK	AUTO_CALC	AutoCalc
C	MST_CALC_STOCK	LAST_CALC	LastCalc
C	MST_CUST_WORKDAY	WORK_DATE	WorkDate
G	MST_PART_STOCK	QTY	Quantity
G	MST_PART_STOCK	REMARK	Remark
C	MST_PART_STOCK	QTY_BOX	BoxQuantity
C	MST_PART_STOCK	IS_SHOW	IsShow
C	MST_PERM	SYS_ID	SystemID
C	MST_PERM	PERM_VIEW	CanView
C	MST_PERM	PERM_ADD	CanAdd
C	MST_PERM	PERM_EDIT	CanEdit
C	MST_PERM	PERM_DEL	CanDelete
C	MST_PERM	PERM_APP	CanApprove
G	MST_PR_LOOKUP	FIELD	FieldName
C	MST_PR_LOOKUP	LOOKUP_VALUE	LookupValue
C	MST_PR_LOOKUP	USE_COUNT	UseCount
C	MST_PR_LOOKUP	LAST_USED	LastUsed
C	MST_STOCK	STK_CODE	StockCode
C	MST_STOCK	STK_NAME	StockName
C	MST_STOCK	STK_UNIT	Unit
C	MST_STOCK	IS_MAIN	IsMain
C	MST_STOCK	USE_MAXMIN	UseMaxMin
C	MST_STOCK	COL_IMAGE	ShowColImage
C	MST_STOCK	COL_CODE	ShowColCode
C	MST_STOCK	COL_NAME	ShowColName
C	MST_STOCK	COL_QTY	ShowColQuantity
C	MST_STOCK	COL_REMARK	ShowColRemark
C	MST_STOCK	IN_PICKLIST	InPickList
C	MST_STOCK	IN_SUPPLIER	InSupplier
C	MST_STOCK	IN_SYSQR	InSystemQR
C	MST_STOCK	IN_EXCEL	InExcel
C	MST_STOCK	OUT_PICKLIST	OutPickList
C	MST_STOCK	OUT_SUPPLIER	OutSupplier
C	MST_STOCK	OUT_SYSQR	OutSystemQR
C	MST_STOCK	OUT_EXCEL	OutExcel
C	MST_STOCK	SORT_NO	SortNo
C	MST_STOCK	GROUP_BY	GroupBy
C	MST_STOCK	MAXMIN_BASIS	MaxMinBasis
C	MST_STOCK	COL_CUSTOMER	ShowColCustomer
C	MST_STOCK	COL_PARTA	ShowColPartA
C	MST_STOCK	COL_PARTNO	ShowColPartNumber
C	MST_STOCK	COL_STK_BOX	ShowColStockBox
C	MST_STOCK	COL_STK_PCS	ShowColStockPcs
C	MST_STOCK	COL_NO	ShowColNo
C	MST_STOCK	COL_MODEL	ShowColModel
C	MST_STOCK	PR_AUTO	AutoPR
C	MST_STOCK_DEL_LOG	DEL_ID	DeleteID
C	MST_STOCK_DEL_LOG	ITEM_COUNT	ItemCount
C	MST_STOCK_DEL_LOG	TOTAL_QTY	TotalQuantity
G	MST_STOCK_DEL_LOG	REASON	Reason
C	MST_STOCK_DEL_LOG	DEL_DATE	DeletedDate
C	MST_USER	USR_PWD	Password
C	MST_USER	USR_NAME	FullName
C	MST_USER	USR_POS	Position
C	MST_USER	USR_DEPT	Department
C	MST_USER	USR_SECTION	Section
C	MST_USER	USR_DIVISION	Division
C	MST_USER	USR_LVL	UserLevel
C	MST_USER	IS_ONLINE	IsOnline
C	MST_USER	IS_LOCKED	IsLocked
C	MST_USER	LAST_SESSION	LastSession
C	MST_USER	LAST_LOGIN	LastLogin
C	MST_USER	IS_MASTER_ADMIN	IsMasterAdmin
C	MST_USER	USR_STATUS_DESC	StatusText
C	SYS_LOGS	LOG_ID	LogID
C	SYS_LOGS	ACT_TYPE	ActionType
C	SYS_LOGS	LOG_DESC	Description
C	SYS_LOGS	LOG_REF	Reference
C	SYS_LOGS	LOG_DATE	LogDate
C	SYS_LOGS	LOG_PC	ComputerName
C	TRN_IMPORT_STAGE	IMPORT_ID	ImportID
C	TRN_IMPORT_STAGE	FORECAST_QTY	ForecastQuantity
C	TRN_IMPORT_STAGE	ORDER_QTY	OrderQuantity
C	TRN_IMPORT_STAGE	DELIVERY_QTY	DeliveryQuantity
C	TRN_IMPORT_STAGE	WORK_DAYS	WorkDays
C	TRN_IMPORT_STAGE	TARGET_DATE	TargetDate
C	TRN_IMPORT_STAGE	GUID_RUN	RunGuid
C	TRN_PR_D	PR_D_ID	PRDetailID
C	*	PR_NO	PRNumber
C	TRN_PR_D	QTY_REQ	RequestQuantity
C	TRN_PR_D	QTY_UNIT	Unit
C	TRN_PR_H	PR_DATE	PRDate
C	TRN_PR_H	REQ_DEPT	RequestDepartment
C	TRN_PR_H	TRG_DEPT	TargetDepartment
C	TRN_PR_H	PR_REM	Remark
C	TRN_PR_H	PR_STAT	Status
C	TRN_PR_H	APP_USR_ID	ApprovedBy
C	TRN_PR_H	APP_DATE	ApprovedDate
C	TRN_PR_H	IS_EXPORT	IsExported
C	TRN_PR_H	EXPORT_REMARK	ExportRemark
C	TRN_PR_H	EXPORT_DATE	ExportDate
C	TRN_PR_H	REQ_NAME	RequesterName
C	TRN_PR_H	PR_SOURCE	Source
C	TRN_PR_H	SCAN_TX_ID	ScanTransactionID
C	TRN_SCAN	REF_NO	ReferenceNo
C	TRN_SCAN	TX_QTY	Quantity
C	TRN_SCAN	TX_TYPE	TransactionType
C	TRN_SCAN	TX_BAL	BalanceAfter
C	TRN_SCAN	TX_DATE	TransactionDate
C	TRN_SCAN	TX_BOX	BoxChange
C	TRN_SCAN	IS_CANCEL	IsCancelled
C	TRN_SCAN	ADJ_NOTE	AdjustNote
C	TRN_SCAN_ADJ	ADJ_ID	AdjustID
C	TRN_SCAN_ADJ	ADJ_ACTION	Action
C	TRN_SCAN_ADJ	OLD_QTY	OldQuantity
C	TRN_SCAN_ADJ	NEW_QTY	NewQuantity
C	TRN_SCAN_ADJ	STOCK_DELTA	StockChange
C	*	BAL_AFTER	BalanceAfter
C	TRN_SCAN_ADJ	ADJ_DATE	AdjustDate
G	TRN_SCAN_ADJ	REASON	Reason
C	TRN_STOCK_IMPORT	IMP_ID	ImportID
C	TRN_STOCK_IMPORT	BATCH_ID	BatchID
C	TRN_STOCK_IMPORT	FILE_NAME	FileName
C	TRN_STOCK_IMPORT	IMP_DATE	ImportDate
G	TRN_STOCK_IMPORT	QTY	Quantity
C	TRN_TRANSFER	TRF_ID	TransferID
C	TRN_TRANSFER	FROM_STK_ID	FromStockID
C	TRN_TRANSFER	FROM_STK_CODE	FromStockCode
C	TRN_TRANSFER	TO_STK_ID	ToStockID
C	TRN_TRANSFER	TO_STK_CODE	ToStockCode
G	TRN_TRANSFER	QTY	Quantity
C	TRN_TRANSFER	TRF_MODE	TransferMode
C	TRN_TRANSFER	FROM_BAL_AFTER	FromBalanceAfter
C	TRN_TRANSFER	TO_BAL_AFTER	ToBalanceAfter
C	TRN_TRANSFER	TRF_DATE	TransferDate
